{"cameraMode":{"drawMode":0,"name":"Shaded","section":"Shading Mode"},"sceneLighting":false,"audioPlay":false,"sceneViewState":{"showFog":true,"showMaterialUpdate":false,"showSkybox":true,"showFlares":true,"showImageEffects":true,"showParticleSystems":true},"in2DMode":false,"pivot":{"x":8.382272720336914,"y":5.675196647644043,"z":1.35017991065979},"rotation":{"x":-0.09460189938545227,"y":0.7650946974754334,"z":-0.11568903923034668,"w":-0.6264052391052246},"size":5.366025924682617,"orthographic":false}