{"cameraMode":{"drawMode":0,"name":"Shaded","section":"Shading Mode"},"sceneLighting":false,"audioPlay":false,"sceneViewState":{"showFog":true,"showMaterialUpdate":false,"showSkybox":true,"showFlares":true,"showImageEffects":true,"showParticleSystems":true},"in2DMode":false,"pivot":{"x":-1.2280826568603516,"y":1.7512469291687012,"z":16.109243392944337},"rotation":{"x":0.0542142428457737,"y":0.6747533679008484,"z":-0.049538999795913699,"w":0.7344847917556763},"size":5.94520378112793,"orthographic":false}