{"cameraMode":{"drawMode":0,"name":"Shaded","section":"Shading Mode"},"sceneLighting":false,"audioPlay":false,"sceneViewState":{"showFog":true,"showMaterialUpdate":false,"showSkybox":true,"showFlares":true,"showImageEffects":true,"showParticleSystems":true},"in2DMode":false,"pivot":{"x":-2.7091193199157717,"y":1.3104524612426758,"z":-0.3319888114929199},"rotation":{"x":0.04638415947556496,"y":0.5105348825454712,"z":-0.027599284425377847,"w":0.85817551612854},"size":3.1653249263763429,"orthographic":false}