{"cameraMode":{"drawMode":0,"name":"Shaded","section":"Shading Mode"},"sceneLighting":false,"audioPlay":false,"sceneViewState":{"showFog":true,"showMaterialUpdate":false,"showSkybox":true,"showFlares":true,"showImageEffects":true,"showParticleSystems":true},"in2DMode":false,"pivot":{"x":-34.296478271484378,"y":-5.891992568969727,"z":29.76156234741211},"rotation":{"x":-0.12489789724349976,"y":0.5654393434524536,"z":-0.08735397458076477,"w":-0.8106769919395447},"size":31.101938247680665,"orthographic":false}