{"cameraMode":{"drawMode":0,"name":"Shaded","section":"Shading Mode"},"sceneLighting":false,"audioPlay":false,"sceneViewState":{"showFog":true,"showMaterialUpdate":false,"showSkybox":true,"showFlares":true,"showImageEffects":true,"showParticleSystems":true},"in2DMode":false,"pivot":{"x":-41.41743087768555,"y":-21.169132232666017,"z":-15.187788009643555},"rotation":{"x":-0.11304240673780441,"y":0.8529086112976074,"z":-0.20746396481990815,"w":-0.46569740772247317},"size":34.2505989074707,"orthographic":false}