{"cameraMode":{"drawMode":0,"name":"Shaded","section":"Shading Mode"},"sceneLighting":false,"audioPlay":false,"sceneViewState":{"showFog":true,"showMaterialUpdate":false,"showSkybox":false,"showFlares":true,"showImageEffects":true,"showParticleSystems":true},"in2DMode":false,"pivot":{"x":2.017347812652588,"y":2.7557506561279299,"z":-0.25042724609375},"rotation":{"x":0.05353624001145363,"y":0.9420878887176514,"z":-0.18163253366947175,"w":0.2769623398780823},"size":6.8962297439575199,"orthographic":false}