{"cameraMode":{"drawMode":0,"name":"Shaded","section":"Shading Mode"},"sceneLighting":false,"audioPlay":false,"sceneViewState":{"showFog":true,"showMaterialUpdate":false,"showSkybox":true,"showFlares":true,"showImageEffects":true,"showParticleSystems":true},"in2DMode":false,"pivot":{"x":-1.1150468587875367,"y":1.848617434501648,"z":14.948226928710938},"rotation":{"x":0.0542142428457737,"y":0.6747533679008484,"z":-0.049538999795913699,"w":0.7344847917556763},"size":2.9452028274536135,"orthographic":false}