{"cameraMode":{"drawMode":0,"name":"Shaded","section":"Shading Mode"},"sceneLighting":false,"audioPlay":false,"sceneViewState":{"showFog":true,"showMaterialUpdate":false,"showSkybox":true,"showFlares":true,"showImageEffects":true,"showParticleSystems":true},"in2DMode":false,"pivot":{"x":0.45874881744384768,"y":-4.52662992477417,"z":0.3994131088256836},"rotation":{"x":0.3848879337310791,"y":-0.06115864962339401,"z":0.02556218020617962,"w":0.9205950498580933},"size":8.766315460205079,"orthographic":false}